"ID","MITE1","MITE2","MITE3","MITE4","COLL1","COLL2","COLL3","COLL4"
"GCEXWQRYRK",3,2,0,0,1,3,8,4
"JZCMAHEPQY",5,2,0,1,0,0,3,3
"DTVGQBSJIA",2,0,5,1,0,2,0,1
"REJAJMVEIE",2,0,0,0,0,0,0,0
"FMWEYMKIGS",0,4,3,3,0,5,7,10
"KYULXCMWOJ",0,2,12,0,2,1,8,1
"CPKKYGMVFP",5,0,0,0,1,2,2,2
"TAYSUFTDEF",5,0,1,1,0,1,0,2
"EAYSCYXEST",0,2,4,1,0,0,19,2
"NZONLIZVZK",0,3,1,0,2,2,4,1
"TLCGPVDITR",1,4,3,0,3,1,1,1
"DALZHOYPSX",2,3,0,0,0,1,1,0
"SZFGEXHQTH",1,1,1,0,1,2,2,3
"CSHRBQBZRB",0,3,2,2,6,4,1,6
"UIMVLFFGJO",0,2,3,1,1,3,7,2
"ZRKFQCNWWR",1,1,1,1,0,3,6,6
"ALCRHUAWMI",0,3,0,1,0,0,2,3
"AKHBHDGHEL",1,0,2,1,0,2,13,8
"WTMAQDXOGD",2,2,0,0,0,0,2,1
"PHPUFUZDFK",1,3,2,3,1,3,7,3
"YKBLDSAXAY",0,0,0,1,0,1,0,0
"FPMOTLAZBD",0,4,6,0,0,4,0,0
"SWUTCNDZQY",1,0,3,0,0,0,1,7
"QOHKNATIBF",0,3,5,2,0,0,0,2
"GDCDGAVTRK",0,1,5,3,2,1,2,0
"ZTPPGEILZP",0,1,0,0,2,4,2,1
"AMVVGHQVWP",2,4,6,0,0,1,5,1
"XERYGSJZDF",0,0,0,1,0,1,1,0
"MRSGZKMJPE",2,0,1,0,3,2,3,5
"TMULVIVUOW",2,2,0,0,0,0,1,0
"LGXAPKYPOQ",0,0,0,0,0,0,1,0
"WZCUBGGDVX",5,0,1,0,1,0,2,4
"WBEYNJVLFW",2,6,0,1,1,3,0,2
"PYYOXLBIXB",1,4,5,0,2,1,3,5
"XKAFWJIEYF",3,0,3,0,1,3,3,6
"SYVXSUMRFO",0,0,0,0,0,2,0,0
"ZWEXCYEYOF",1,2,4,0,0,5,1,1
"WEOSQRIENF",4,5,0,0,1,5,3,4
"AFYNDVJRQF",0,1,2,0,1,3,4,3
"MIQOKXEWVA",1,3,6,2,2,2,2,7
"OTPLACTPYI",2,1,1,0,1,5,3,3
"HWJURLVTVY",1,1,3,0,1,1,5,1
"KMETHDBXNL",0,8,2,0,1,1,7,1
"FDYRAYXNYU",1,0,7,0,1,0,1,0
"HUBVFDTCZJ",0,0,0,0,1,0,0,0
"ZCLYODLKRT",1,7,2,4,2,4,4,4
"QRGIIDAJHE",1,0,3,0,3,2,12,3
"DKOJJHBNAV",1,7,2,1,1,2,0,1
"GZATAEQDXM",1,4,2,1,0,7,7,0
"MSVJISTKOP",6,4,1,0,0,0,1,0
"POQNFGRVNW",0,2,0,1,1,3,2,2
"MVHXOQZXOZ",1,0,2,1,2,3,2,0
"NWSLNDHCVL",0,0,8,0,0,4,7,1
"FCKQUESXXF",0,5,5,2,0,0,0,2
"SWMZJCNDER",0,3,1,0,0,1,9,6
"FNLVVALTCM",1,0,6,1,2,0,1,0
"PAFJHOXERG",0,1,2,0,1,0,1,0
"OVFMRNHYBX",1,4,6,0,1,1,5,10
"FCWJGTATIT",0,0,0,0,0,1,3,3
"JVOVBNKTGO",0,1,2,0,0,1,2,2
"QVVLOHAJEH",1,1,1,0,0,0,2,1
"LMTLTZHBZQ",1,2,5,0,0,3,2,6
"UIIGLEVAUE",3,1,0,1,1,5,1,2
"EAUSNIHTWV",0,0,14,1,3,1,8,0
"CZEZKDLNOO",0,0,1,0,0,0,0,0
"MZABBWEMZY",2,1,2,2,2,2,6,1
"NMZJOOQENX",1,11,2,0,0,0,2,3
"QUBEOBLXBO",1,1,2,2,1,5,4,4
"LPHKLPWUXZ",0,0,0,0,1,2,1,1
"MKFHYLXULX",0,1,1,0,0,1,9,4
"LNQGSWGXQN",1,0,1,1,1,2,0,1
"WPJGQSWRKH",0,2,0,1,0,1,0,0
"XGRPFAGRMB",2,0,0,0,1,2,1,2
"PWCXMFGPLH",1,6,1,0,0,2,3,3
"DZSYUGTUHL",0,4,0,1,5,2,1,2
"KLJXNFBAMR",1,1,3,0,1,1,3,1
"JGFMGXSWLP",3,0,0,0,1,0,1,0
"WLSVTCNQXP",4,5,6,2,0,5,1,3
"NLDXLHZOMN",2,0,8,0,0,10,9,5
"FNDWMOFYOI",0,5,0,0,4,0,0,0
"XCSRQVUTSI",1,1,0,0,1,2,12,4
"XXXQCMHEZE",0,1,1,0,1,1,4,1
"HELZYVEMWI",1,1,0,1,3,4,6,4
"QZKJMXXRMR",5,0,2,0,0,0,2,1
"PPUKFVILJZ",2,2,2,3,3,0,4,0
"LFUMOJYKYG",2,2,1,0,0,1,1,3
"NVAAPLPWFQ",3,5,2,0,4,0,6,4
"RZCCSEIPEG",0,9,0,0,0,2,2,0
"FQYUCZRBGI",0,3,6,0,0,0,0,0
"YOORRTZJJA",1,3,2,0,2,0,6,7
"DGUEIUCSEK",1,1,0,0,0,1,2,0
"ALMDXPHDJM",0,0,0,2,0,2,1,0
"NAGAIXVMLA",4,3,0,0,0,1,1,3
"INAKBDEVUN",2,0,1,1,0,0,1,0
"RFRTDGCKTP",2,1,0,1,0,1,5,2
"JQBVRPMMOD",0,0,11,0,0,1,0,0
"VFCKFLXEVQ",0,0,0,0,0,0,0,0
"AFWBTLZLCQ",2,0,1,0,4,3,1,2
"OYWHKOVRRA",2,0,0,0,0,0,1,1
"UUWJDFGBBY",2,0,5,0,0,0,1,0
"RWFAZHOQWR",1,0,1,0,0,0,2,0
"RSYERYVIHO",1,3,8,0,2,3,1,0
"SGIBVYRCCI",1,4,4,0,2,2,4,6
"EKATHTKUUS",0,0,0,0,0,0,0,0
"QNGTAAQQGW",0,1,10,0,0,0,0,1
"HLIELZKHOJ",0,1,0,0,1,1,0,2
"QXETQAKDMQ",1,3,5,0,0,1,0,0
"AYVGQVWIRI",0,0,0,0,1,0,0,0
"PFYASLKDNC",3,1,0,0,3,2,7,2
"HZKGVUYKVC",0,12,1,0,1,0,1,0
"EHSVZMFEXI",1,0,0,0,0,0,0,0
"VXXKZOVQEG",1,7,0,1,0,1,1,0
"PVDPCEKRTW",2,6,0,0,0,2,5,3
"THIDSOYHXC",0,3,2,0,0,0,1,2
"GGEEQZQBXT",0,2,6,1,1,9,3,5
"FTIQFMNYWU",2,2,2,1,2,5,5,5
"GXMLPZHGKI",1,1,0,0,2,0,0,0
"UBCCZDDQCV",0,1,0,1,4,3,3,2
"SMMQRZKLZV",0,0,0,1,0,0,0,0
"BETEVVQAIA",0,1,1,0,2,0,1,0
"GHNNPDRGHK",4,1,1,0,0,1,6,1
"VXYLMZIKWC",2,0,5,1,2,4,7,2
"LJQRLTDHXZ",0,2,3,1,0,0,4,5
"DFVZHSCRGG",2,0,0,1,4,5,2,2
"BFYGCJODVW",4,4,3,0,2,4,3,1
"DXUKQVCHRO",0,1,1,1,2,0,0,1
"VBEQCBTMLI",1,0,6,0,2,1,1,2
"GSEQYNBZLL",0,0,2,0,2,8,5,1
"XHLDRSHCYE",1,2,4,2,0,5,8,2
"OADOPMDCLN",3,0,1,1,0,0,4,3
"POISGUMOOV",1,0,0,0,2,0,6,1
"BIGHTCSKOX",0,1,1,2,0,3,2,1
"BAYNWJBWMP",0,0,1,1,1,1,6,6
"QMXPJBDNKE",0,3,5,1,0,0,1,0
"PXAHDUUSEX",0,3,4,1,0,2,11,0
"XHDXDAUMXW",2,0,0,0,0,0,0,0
"QAGSVEGKWX",0,0,0,1,1,1,2,0
"UVXOAGDBTV",3,2,0,0,0,1,2,3
"SGXOAJVLNK",2,0,1,1,3,0,4,2
"WFPYCJPBMS",1,1,1,0,2,1,1,9
"MTFOYSUIME",1,2,3,0,3,2,8,1
"TWQBIHVJBS",0,0,0,0,2,0,0,0
"ARSTSULDNK",4,4,0,0,0,0,0,1
"WEFJKQFWSZ",2,1,6,0,2,4,8,3
"GUNNPSSDMB",1,0,2,1,0,0,2,0
"MTZNNNYHDE",0,0,3,0,0,1,5,2
"VXGKEJOLAN",4,0,0,0,2,6,14,1
"CJBEZQGNGE",4,1,7,0,5,3,6,1
"PTFYFCQDEI",4,0,2,2,3,6,0,0
"YCTZUCXNQN",0,1,1,2,0,1,1,0
"JLCAMYPBXU",0,0,0,1,0,0,1,1
"YJZOHBSAVL",0,2,3,1,1,0,1,1
"KINAITTTUO",3,0,4,2,1,4,7,1
"RWZQGRKHEU",1,2,2,0,0,1,5,1
"NBPAIYAIKL",3,0,0,0,2,4,3,2
"AASEUFESNB",0,0,1,0,2,1,5,0
"WSDHHNLANJ",0,4,5,1,0,3,4,0
"KFUVZPLTGI",1,0,4,1,1,0,0,0
"WJHJBOQZVL",2,2,1,1,1,2,1,1
"ZATOCEJIOJ",0,6,0,1,0,1,0,1
"NVUEBJTCLW",1,2,5,0,0,0,1,1
"BNUUZMQWCZ",3,0,2,1,0,5,1,1
"CDTQXBSVMQ",0,2,1,0,0,1,0,0
"HJKVMSNTPE",3,0,0,1,0,5,2,5
"QWYRUMVNAF",0,0,0,0,0,0,0,0
"COAUEORHWG",2,1,0,0,0,0,3,1
"JZUTLWCTIB",3,0,4,1,3,4,8,3
"HXSQRVMKEQ",0,0,0,0,1,1,1,2
"DMGQDNVJSG",1,0,4,0,0,2,1,3
"TLRTMEQKIO",0,1,0,2,0,0,0,0
"ZQDKWMECCE",0,1,1,0,0,2,1,0
"WDDTFKVLLP",1,1,0,1,0,3,0,1
"IHMOXIVLOP",4,2,4,0,1,0,4,0
"VLGRPRTNWW",0,2,0,0,0,0,1,3
"FVGFIDHXWJ",3,1,4,0,1,2,0,0
"PVULXAJLGC",0,5,5,0,1,2,4,0
"NWHLWCCGTQ",2,8,3,0,4,2,1,0
"XIEWIWEGBE",0,7,0,0,0,0,0,0
"NQJLBUQKVC",2,3,0,0,2,4,3,0
"OZWWNXUNJX",0,2,2,2,1,3,0,1
"CCNXYZEFAU",2,1,0,0,0,0,8,0
"GXBENMVQZU",2,1,0,0,0,0,0,0
"HMQPSSAQPL",0,0,0,0,0,0,1,0
"IGFALJHSON",0,1,1,0,0,0,2,1
"UPRTJFCGEJ",0,1,1,0,0,1,1,2
"PWOZYQXHAP",0,1,3,0,0,2,5,1
"CAZTGDETEZ",0,0,0,0,0,0,0,0
"INNDYVNNHO",1,0,0,0,0,0,3,2
"PSYKSYAMZY",1,0,3,1,0,7,6,1
"YIVKALVGVJ",0,3,2,2,1,8,8,5
"HOTPXITDLY",0,0,1,0,0,0,3,1
"DXQTELFMPE",1,4,0,0,0,0,1,1
"WYTWMYKKFM",2,0,0,1,0,0,0,1
"OUZEKTMJUC",0,0,0,0,0,0,1,0
"EEJEHZYKCC",0,0,4,0,0,0,0,0
"GBCCCFVVNT",0,3,10,0,0,2,2,2
"CNFYLCVBGO",2,5,2,1,2,3,4,7
"RIWPBQXROL",7,0,6,1,2,1,3,0
"RERYKXMGUK",0,0,3,0,1,3,5,3
"SUFMUBSIOO",0,1,0,0,0,1,2,0
"NQFPYESOHC",0,3,3,1,0,2,9,7
"NPWBTBAFYH",0,1,0,1,0,0,2,0
"KOGJCWFBGB",2,1,3,0,0,0,4,3
"SQKROGKLHK",1,3,0,3,7,1,2,1
"JETTXRAAFV",3,0,1,0,3,3,2,1
"GKNLVDWDSP",5,6,2,4,0,5,1,2
"ASDGOSEVTC",1,2,4,2,2,5,2,4
"JJCVPLTFZI",0,0,0,0,1,1,4,0
"TLZFLCVPFW",0,0,5,2,4,3,5,4
"QCHWHCKODQ",0,4,0,0,0,1,0,0
"LHGTDUQHYE",0,10,0,0,3,5,9,2
"VPUBOMIUXU",3,0,3,1,1,6,1,0
"KOBETULAHZ",0,3,1,0,2,10,0,0
"EZPQITRKWW",0,0,3,1,0,2,1,2
"IBEVVUJMSH",0,6,1,1,1,3,4,1
"UHQEDVXFEL",1,11,0,0,1,3,3,7
"NLGEKBMOIR",2,1,0,0,0,1,4,1
"UAVAUXJAAP",2,2,1,1,3,5,7,5
"SBCKALHGJJ",0,0,8,0,0,1,2,0
"FTFKNNHEHJ",8,0,2,3,0,0,0,2
"QTDDVEFTFJ",5,0,0,0,0,1,1,0
"AUJAZXNUNN",0,0,4,3,0,2,5,1
"DDQBQRZWXI",2,3,2,0,1,4,6,6
"USYHODHVEO",0,0,1,2,1,3,0,5
"IQDXJDYOFG",0,2,2,1,2,0,2,1
"FSRDCLQNPA",0,5,13,0,1,4,4,2
"ZFCKJPEMNB",0,2,0,0,0,1,0,1
"CBZUDYOVVL",0,0,1,3,1,5,2,0
"DIIWTGIGGW",0,0,0,0,1,0,1,0
"XDPAQDEFQA",0,1,8,2,2,1,2,0
"EWTBGRYGGP",4,4,1,1,2,1,1,5
"HZWGUBDGOV",0,8,0,0,0,3,0,0
"YBSDLUQSXW",2,1,0,0,0,2,2,3
"RVAMSXBGAG",2,2,0,0,1,0,2,1
"PZLSURCHQE",1,1,0,0,4,7,9,0
"WZFAUAHTLD",3,2,0,1,2,5,4,0
"TZIEEJTUOH",1,1,0,1,0,1,3,2
"LXFWRUOFUF",0,0,0,0,0,0,1,0
"HBPPRGDMUG",5,0,1,2,3,1,8,0
"IEHIZXRWUL",2,0,0,1,0,0,4,2
"GGAJCVCXCI",0,0,0,1,1,0,1,0
"FZTQJOLEKX",2,2,0,0,0,4,3,1
"ZZMRKTFCUV",9,0,4,1,3,1,7,4
"JNLGPFOJLQ",0,3,2,1,1,3,4,9
"TLFXHTUBVW",0,1,0,0,0,0,4,3
"OJUYULFYPN",0,3,3,0,0,4,0,1
"NOOMZHFRCB",0,0,0,0,1,1,1,0
"MVLJXOVDCH",0,1,6,1,0,1,2,4
"FFFVJBOTZU",0,4,1,1,1,0,0,0
"NUSIXMAYLJ",0,2,3,0,0,0,2,0
"YKSSJVITJC",1,2,6,0,0,6,0,7
"QAXENGBCYF",0,0,3,3,1,0,5,6
"NMEXUNKTBA",0,7,1,1,0,0,3,1
"ZOVJVLMPPF",0,1,0,0,1,2,3,0
"AWKINUWICO",3,0,4,1,0,0,0,4
"NOLQAPRSIB",4,7,3,3,1,7,6,3
"ATJWFTSTZB",0,0,3,0,0,3,1,1
"RPUIGBOUYL",2,1,8,0,1,1,4,1
"TLAWQHMLKC",0,1,1,6,1,0,2,3
"TDTKKUMSAI",2,3,0,0,4,8,1,1
"AJQHWUYLKK",1,3,0,0,0,0,0,0
"BGPAQCMPRS",0,10,1,1,0,2,2,5
"GRSCWPJCRL",3,0,0,0,0,2,3,0
"GVUEZFODTE",0,0,4,0,1,1,3,0
"ZTOURGTUHV",0,4,0,1,1,2,4,0
"ZIUBURWTHH",4,7,3,1,1,0,4,5
"CHSZKILMLL",1,2,3,0,3,2,5,6
"FHCJPOMUCE",1,1,0,0,0,2,0,2
"RQKVNNXOZJ",2,0,4,0,4,0,1,1
"IUNRNFRGRT",0,0,0,0,0,0,0,0
"UWOCKPTBGM",0,12,1,1,0,4,5,2
"XYYDLRUCTS",0,5,0,0,0,5,4,2
"VDIYJZWDFS",0,1,2,0,2,2,2,2
"YYKVHYSMRX",0,3,4,0,0,4,0,2
"RKTTTICFWX",0,4,0,1,1,2,0,0
"RTWDDSPDDG",1,0,1,0,0,0,0,0
"DQFHHBEERE",3,3,1,1,0,5,3,1
"UYEAVMTBSK",1,2,1,1,1,5,9,3
"OPRGUYBOVR",0,0,1,0,0,0,0,0
"EMXABYBKIB",5,5,0,0,1,1,1,3
"EUGNMIRITD",0,1,4,0,0,5,5,6
"UKVLFMTVMU",1,4,0,0,0,2,2,2
"VQIZWCDHMO",0,2,4,0,0,1,3,4
"ZGMGLKBNMH",0,4,0,1,0,1,0,5
"VYHESMRFZT",0,0,0,1,1,5,0,0
"VXAYYPUCOU",6,1,2,0,0,4,5,3
"XJYUSKVWAL",1,2,1,2,0,4,1,4
"UIZZXJXICJ",1,1,0,0,0,5,6,6
"HCRTPEIUMY",0,1,0,0,0,0,0,0
"DWSWCHNJZB",0,0,2,0,0,1,0,0
"COMYGUSZBS",2,1,1,0,0,8,0,2
"UYJDTABWWW",2,9,1,0,0,5,1,2
"XYNMGZNBXC",0,0,1,0,0,0,0,1
"DEHXKPGIOS",0,1,2,2,1,3,6,2
"TDCPOGMPSU",2,0,0,1,0,2,7,4
"RUDLVRQYZK",0,5,5,0,1,0,2,1
"MDSRWWWCMA",0,1,0,0,0,2,5,5
"FFLELTULUV",4,3,7,0,1,4,1,3
"UIHLDIDNQB",2,0,0,0,0,1,0,1
"ANSSPLXUBF",3,0,4,1,0,2,4,5
"USIIEYGKPW",0,2,1,0,0,0,6,0
"DNJDKWMSYR",0,1,2,0,0,0,0,0
"LUKKXSMFLY",0,0,2,0,2,1,1,6
"LYHQBOLEXA",4,7,2,1,0,1,8,9
"ZOARQXMXEM",1,1,2,1,0,1,2,3
"PVJPUPPKNR",0,0,0,0,2,0,0,0
"QPRIOXNBRE",2,2,1,0,0,5,2,10
"FGWWIFPLEV",1,1,0,0,0,1,4,0
"SBFBDUSHXY",0,2,0,3,0,0,0,0
"GFUMJAECQO",0,1,0,0,3,2,1,3
"HVHNFUZDSW",0,3,0,0,3,1,2,6
"OMBAWAUYDH",4,0,2,2,2,1,5,0
"YMWCOFQISK",0,0,1,1,0,3,0,2
"LTZTBMIPXZ",5,1,6,2,0,4,3,0
"RWVWFDQOCV",0,2,1,0,0,1,0,1
"YEDQBFLSQO",1,1,1,0,1,2,2,0
"UTWIIPSIAF",4,1,8,0,1,3,2,7
"YXUQIKCKTX",1,5,3,0,1,2,2,2
"SQTDKPIJMW",0,0,1,0,0,0,0,0
"CWRAXMTDLY",0,1,0,0,0,0,0,0
"JWXRDXRYFY",0,0,0,2,0,0,0,0
"TGMCTCULFF",1,0,0,0,1,1,0,0
"SVEPGJQUSM",1,2,3,0,0,4,3,5
"WLBNXUOXVN",0,1,6,0,4,2,6,4
"SEQXYEHWRU",0,1,4,0,0,2,3,4
"SQFGKOYJIA",1,3,1,1,4,2,10,1
"PZBMQTAOHZ",5,1,1,0,3,6,0,3
"CTVNMZRAZL",2,3,3,2,1,5,1,1
"YNVLWGBNYA",3,0,3,0,0,0,1,2
"CCHDPVEJFM",0,1,0,0,0,0,0,1
"YHQPCNHCWI",3,1,0,0,0,4,8,6
"IAIPEYSOJE",0,2,0,1,1,4,1,4
"WNDGOMSERK",1,0,1,0,0,1,1,1
"JCJEMSCILR",0,2,6,0,2,1,2,6
"ODEWBEVCSE",1,0,4,0,0,0,0,0
"ECOXFXOOHU",0,3,1,0,1,1,5,2
"PUUYTZMHCO",1,0,1,0,0,0,1,1
"ORZMARCNRW",1,3,0,1,3,0,10,5
"PBJWAMMAXU",3,0,8,0,3,1,5,11
"YAQOEARHOS",0,2,1,1,4,0,1,5
"OEMATMQXKS",1,0,3,3,2,11,7,4
"FRARMSZDFX",1,2,8,1,4,1,7,3
"INZVTLKSGS",0,0,0,0,0,0,0,0
"HPXJZIUFJQ",1,17,0,1,1,0,1,0
"TYMZPFOVTV",2,1,2,0,6,11,3,2
"FIJMPEDHLR",0,8,3,0,2,5,4,6
"NSPCRHAFDT",2,0,8,1,0,1,2,5
"VBPPCVHFIA",1,4,1,0,2,1,5,0
"DKHLCSNUOM",2,0,0,3,1,2,0,3
"NJMXXAGNHF",2,0,4,4,5,3,5,1
"UCZMSVRCNV",0,0,1,0,1,0,7,1
"UNZEUFISDY",1,0,0,0,0,3,0,0
"RHGVQGYYLP",2,9,0,0,3,3,9,3
"BQCKRFPIUG",0,2,1,3,0,0,0,1
"JTTUNLQUDL",0,0,0,0,0,2,1,0
"CJBGJVISPI",1,0,0,0,0,0,0,0
"OEIAGKMPWV",0,1,1,0,0,0,6,5
"AIVFFUCAXJ",0,1,4,0,0,4,3,6
"ZGLUMQKOUM",0,0,0,0,0,0,0,1
"QAOTTQDVSU",0,0,5,0,0,0,0,9
"BBDBISAPIC",0,0,1,1,0,0,1,0
"MCWMOUCBVG",1,1,1,0,0,1,3,2
"DJTCSMOCVP",1,3,1,1,1,5,6,2
"OQOLYYAEPM",0,1,4,0,1,0,9,5
"DBIXFXRYJI",0,2,5,0,2,1,6,6
"OJFTJBIVGZ",1,2,12,3,4,0,3,1
"BQJEXDNRPC",0,4,5,0,0,4,10,3
"OKAIAWVJLY",1,6,5,1,2,0,2,7
"PVULQRUZAU",1,2,0,0,1,2,0,2
"QDRSEZZKHS",1,2,4,4,2,1,9,5
"NCKCXCVFXG",0,2,5,0,1,8,1,4
"OONICEWTQI",3,2,2,0,0,6,6,11
"NYMJDBMJHR",0,6,0,0,0,0,1,1
"ZGJEXCGAAF",2,0,4,0,1,1,0,0
"TNZCQAQMFT",0,0,1,0,3,2,19,1
"XBTORSDBFN",1,2,2,2,0,2,0,1
"APBOOWIOET",0,1,1,0,0,1,0,2
"EVDMMXYZWJ",1,1,1,2,0,2,2,15
"LKLVPZHESQ",1,0,0,0,0,0,0,0
"ZPQWLAIJCK",1,1,4,1,2,4,9,9
"YSROQCDGDA",4,0,1,0,1,0,6,4
"IKCOYMDJYO",1,3,6,0,0,2,1,1
"MYOCMEBJHR",0,0,2,1,0,7,7,6
"FSDGZDMUKK",1,5,2,0,1,2,2,3
"PNYYMVQQNJ",0,7,1,3,0,0,0,2
"MOKWDBWEVY",1,2,2,0,3,6,1,5
"SVGYYXMRHR",0,0,2,0,1,0,0,0
"DIAXMNYZIR",1,0,0,0,0,0,0,0
"LMRHEBCOMJ",1,3,6,0,2,3,3,1
"MMAVNXJUYZ",0,3,3,4,1,3,6,1
"PULIXAREUS",1,3,1,0,1,0,4,12
"DNHMPGJBNS",4,0,2,0,0,3,1,0
"NXJDQFKLAM",0,5,1,1,1,7,12,2
"IOMNRYYANJ",0,0,2,0,0,2,0,2
"XMMGAHEXRF",5,0,3,2,0,0,2,2
"GXSTUTWBLJ",0,1,1,0,0,4,0,1
"LYMPMYFVNX",4,5,1,2,2,4,5,2
"EVVNQMEBKS",0,2,0,0,0,0,0,0
"XSWKWKHKMX",0,3,1,1,1,4,3,1
"GKSXUDIKRL",2,1,1,0,0,0,3,1
"OTMQGIFVTJ",0,0,1,0,0,0,1,0
"YGIAEUEBYF",0,4,8,2,1,3,3,6
"QBBMDWRJKN",1,3,1,2,0,3,2,0
"KDIKKBWSXW",1,4,1,0,0,2,5,2
"XPGLIPHPLU",1,0,3,2,0,0,0,0
"UKDECXLAGT",1,3,1,1,0,9,0,1
"ZVQVOEYYVV",0,0,1,0,0,0,0,0
"IUMXUOCGIA",0,1,3,2,1,2,1,3
"UDGEMNFDMS",4,0,6,0,1,3,4,3
"KAAXKYPRJB",1,4,0,3,0,3,2,9
"SGSYLFXNTB",1,0,4,0,0,0,5,1
"PNNEFWHUDD",0,2,3,0,1,8,0,1
"EARLNZJGUU",3,4,8,1,0,2,8,6
"GAXLTXPSSO",0,3,6,0,1,6,4,1
"WMEANGVEZN",0,5,3,0,4,1,3,1
"XZYHEREHQL",0,0,8,0,0,2,5,3
"ABCYSBVXNC",0,0,4,0,1,1,2,0
"UUXZZTFONK",2,3,2,0,3,2,4,0
"MAURKCFRNK",0,0,0,0,0,0,1,0
"MKGMHTWBJI",0,2,0,2,2,0,0,1
"XJFVPCNUMJ",2,1,3,1,0,1,2,0
"OTURCFIUQK",0,7,2,0,0,2,0,3
"MXMQWEHWVG",6,2,3,0,0,4,9,0
"DGPKTQOJBC",0,8,0,0,0,0,2,1
"AFCLYAHPVF",0,1,1,2,1,9,2,1
"KQEPNOFJVX",0,3,4,0,0,1,0,1
"MQPGAXJJHL",0,0,2,0,0,2,5,3
"KEXLGTFTFJ",0,6,1,0,0,0,2,1
"KFYMRYNUGI",0,0,0,0,0,0,2,1
"DYXFLATDBO",1,2,1,0,0,5,6,2
"JNRALIXCKR",0,3,5,6,3,5,0,9
"PQEGJYVKJD",2,1,5,0,1,3,3,2
"ALHAEXYXLN",0,1,0,0,2,0,0,0
"DOUGGLHBYM",1,0,1,0,0,3,0,2
"FKFIATXAFA",1,3,1,0,0,3,6,1
"ZKSTYDRHMD",0,1,0,0,0,0,0,0
"HPLTUABQDA",0,1,2,1,1,3,1,2
"EJSJSOPRIB",0,0,4,0,3,0,2,2
"SECYXYRBOH",4,1,3,2,1,2,5,0
"MPEZCVEUCR",0,1,0,0,0,1,3,1
"DSLWFUESVK",0,5,1,1,1,4,2,2
"BJWQIWZUIV",3,3,2,1,1,2,1,0
"UKGEIWGJUJ",2,4,1,1,4,2,3,4
"RPOJWVKOCT",0,0,3,1,0,0,0,0
"DEWDWBUKKE",4,0,0,3,0,5,1,1
"VSVCOVXVRV",2,6,4,0,1,1,7,2
"QAQTXXCLTK",1,4,3,1,1,4,5,2
"EJRMTPASMC",1,0,1,0,0,0,1,1
"CJWNKWMJTK",3,4,3,1,3,4,1,2
"RIXTJYWOXI",0,1,0,0,0,0,0,1
"QUVUATOAEO",5,0,3,1,0,3,4,1
"PPQXYMZVDN",0,0,0,1,0,0,0,0
"IPVIXPUAWC",0,8,6,1,2,2,4,1
"ZKNOEKIQFV",0,0,5,2,0,0,1,1
"DGFQHVADXT",3,7,3,0,2,2,7,1
"BJOQKFXRIU",1,9,1,2,0,10,6,7
"VQNEEABNZK",3,0,6,0,3,2,1,0
"BMBJGFHHIZ",1,2,4,4,1,5,2,6
"QAMANTWYGM",0,0,4,0,0,1,2,1
"TTPHEYFPRX",5,2,0,1,1,1,6,3
"IYUCBCWMGT",1,0,2,1,4,0,0,1
"YSXPLRZUOO",0,0,0,1,0,1,0,0
"PEPDCTRUOD",0,0,1,0,0,4,14,6
"YBQUHLREIQ",2,0,5,0,2,0,1,3
"MKZSKLGHRX",2,1,2,1,1,0,10,0
"ICQNIRNXZR",0,7,6,1,1,2,5,5
"WVXQUDIUMD",1,0,5,2,0,3,1,0
"IGCICTHTMT",0,2,0,0,2,0,1,3
"RTXOAPKYWL",0,0,10,0,3,6,7,1
"ODCEVDXXSB",1,1,0,0,0,1,3,2
"BDEOJQJKUJ",1,1,0,0,0,0,0,0
"JGBHIYYZJY",0,0,1,0,0,0,0,1
"FCOIIRIAQW",2,0,7,1,0,4,3,4
"FWQTOZDBDB",0,2,0,0,0,1,1,0
"VHHQZQQQQQ",0,1,9,0,0,1,0,1
"MGYBTOGTSN",0,4,3,1,1,3,2,4
"ISURDLLKOG",2,5,5,0,1,7,1,5
"IFYOAJTHEA",2,0,1,1,0,2,3,0
"MOLCKMKDMH",1,1,6,0,3,1,0,10
"RTBHDMYPON",1,0,2,0,0,0,0,0
"JGFHGGZOVC",0,13,0,3,0,1,9,2
"HKAVLEBWPG",2,3,0,3,2,4,9,3
"AARNOEIXTK",0,1,7,3,1,7,5,3
"UGQOKEKMKS",0,0,0,6,0,1,0,1
"FVQYWGPHBQ",0,0,0,0,0,0,2,2
"JPZTYIUIIX",1,1,0,1,2,7,2,0
"QHTJAHFDGV",0,3,2,0,0,1,3,2
"EKVCRODZQS",4,5,4,1,1,1,4,3
"QPBYTMDPVC",0,3,3,0,0,1,0,4
"ADKRJTWDIB",0,0,0,0,0,0,2,1
"QUCZGFKQVN",0,1,2,0,3,3,8,3
"PMYSXSULRT",2,1,0,2,0,2,8,2
"GLRJVWWVKS",3,0,1,3,0,0,2,5
"OAYHTPKFQR",0,14,2,0,4,2,6,1
"HWYGMRDJWV",0,3,0,0,1,4,0,0
"EGRBFUVSHF",1,0,3,1,0,1,1,0
"IAUMURSRYU",2,0,1,0,1,4,1,3
"HPWVQRUAEF",1,2,2,1,1,1,3,1
"AISSTLDRGZ",0,6,3,2,0,4,2,1
"HRYTQVJOES",0,4,2,0,1,4,1,2
"YAJAZROLDG",0,0,0,1,2,4,6,2
"BZJZYSVOKW",2,2,2,0,1,6,0,0
"IOROVUXJNW",0,0,0,0,0,0,0,0
"KJHMBSVPAP",0,0,4,0,0,1,0,2
"VXVKAYDGTH",1,1,9,0,5,5,1,3
"LLDHDUCKND",0,4,0,0,1,2,2,0
"HJVYNNMTYZ",0,2,0,2,0,0,4,7
"XJDSLHGTCS",0,2,0,1,1,1,4,2
"ACPIJOTLBA",0,4,4,1,1,6,6,3
"PCCHUTSHTO",2,3,2,0,1,6,3,3
"QMAXBVXCTT",0,0,8,3,1,0,3,5
"KQMLWESQPP",1,1,1,0,0,0,1,7
"GLOVPQKUCR",1,1,4,4,2,0,5,0
"KJRFGWOJVO",1,4,0,1,1,5,8,5
"DHOIDYYSJV",2,8,4,3,4,2,7,2
"NZEBHYLCXY",1,0,0,0,3,4,3,3
"QTKYAPHLCT",1,0,0,0,0,2,0,0
"VZBWYXDGOI",0,0,2,0,1,1,0,5
"WXJEMIBDYO",4,5,6,1,2,2,6,6
"DNPONLAOBV",0,0,0,1,0,0,0,0
"ETDTSGLGVH",0,1,0,0,0,1,2,2
"WADSHEOCNY",0,0,8,3,1,0,2,1
"SCXEDJCEVX",0,0,1,1,1,0,1,1
"NTNJTYXVXV",0,0,2,1,1,5,2,1
"SRWBHLXJAG",0,0,0,0,0,0,0,0
"QNEJNZAMTE",1,8,4,4,1,1,4,0
"QCKXXNVGQF",2,1,10,5,0,0,5,1
"GBRBGBRZSB",1,3,1,1,0,5,7,1
"QKWQKIOPQU",1,0,5,0,1,1,6,12
"RGJECUQTSP",0,0,7,1,0,1,2,2
"TQPMOBFEJS",1,2,4,0,0,0,5,1
"YJAQKMNYMO",5,0,4,1,1,1,0,4
"DHEMNEAGHP",4,4,1,1,3,1,4,2
"WJHJOHXZDO",0,1,6,0,3,1,5,0
"QBAPDXULIX",0,10,3,1,2,1,9,4
"UHACQPNJSD",0,0,0,0,0,0,3,3
"RLCRRUTXWB",6,4,2,0,1,10,4,1
"PYPMZWNWCG",0,0,1,1,2,3,7,2
"JUDDSHXQRT",1,2,0,0,3,2,2,3
"HQBOYYMCZT",0,3,2,0,0,3,2,3
"CKZCPUPYEV",1,7,1,0,0,6,6,4
"OEQCEHEMKM",0,0,0,0,0,0,0,0
"BHEPCTLHVG",1,1,6,0,0,1,0,0
"KRFHZWIURX",0,0,0,2,7,6,13,12
"LYSHHSHOEC",1,0,5,2,2,0,3,3
"OSVBJGGWYT",0,0,1,0,1,2,1,0
"MJBZTRYSLY",0,4,2,2,6,5,5,1
"OLHMIYWYLF",1,3,4,3,3,4,5,1
"CAFOTUKJPX",1,2,2,0,1,2,1,0
"LZTOBWBIVX",1,3,5,3,2,5,0,0
"LELRVUKJFW",0,0,1,0,0,0,1,0
"BIZFWEZSVZ",1,0,2,0,1,0,0,0
"AVJQHFFZIF",0,8,0,0,1,2,10,5
"BPXEXVONSS",0,1,2,0,2,2,0,2
"HUUYQDRHLT",7,2,0,0,3,2,11,5
"OGYHYXVRKS",0,0,2,0,3,5,5,5
"JOPXVZXLFT",3,0,9,1,2,7,8,5
"BUIXQYZBZT",1,0,8,2,0,1,2,1
"EQMWLEIVOP",2,7,3,1,2,4,5,8
"DTXLNZEUFA",0,7,0,0,1,7,4,2
"YPOJEEMUTU",0,1,0,0,0,0,0,0
"WJKCUJOQKQ",3,2,5,0,0,1,7,2
"WLCQODGDVF",2,3,0,3,1,2,6,5
"NZYBKUPXYO",0,2,1,0,0,2,1,0
"XATVBREZVN",0,0,0,0,1,0,4,0
"PGRFXZUREB",0,0,0,1,0,0,0,0
"LSCJQSRMNW",0,5,1,0,2,2,0,1
"QDNIWISXNV",1,0,1,0,3,1,0,0
"DLNEEGORND",0,0,11,0,0,2,1,2
"MNGKTJTQWM",2,2,1,0,1,4,4,2
"JRARXQIHXT",1,0,5,0,1,2,0,0
"YWNGQRYTKY",1,0,5,0,4,2,4,4
"JLMFJTYLPS",0,0,0,0,0,0,0,1
"XBWUNRWFAM",3,0,1,0,1,2,0,3
"EYDLQWTCUR",0,1,1,1,0,2,9,2
"GFCARDNNFI",2,4,2,0,2,0,1,1
"GSUAOAMDDO",0,1,0,1,1,3,1,4
"TEAXDQZTWC",0,0,2,0,0,0,0,1
"RKUNNJZIBB",1,1,7,0,2,1,1,2
"NCJSPLQNCD",2,1,2,0,1,4,7,2
"CKPYZMKIMJ",1,5,3,1,1,2,0,0
"PRHVCQHITF",2,1,3,5,0,1,2,0
"SUDEFMQNCI",2,0,3,0,1,2,1,1
"RXJNKDKYSG",0,8,3,0,2,0,0,3
"BJSQMTBNHK",1,1,0,0,1,1,0,1
"QDVJLRZIKN",0,0,0,0,0,0,0,2
"DSNUBMFTJG",0,0,4,1,1,1,2,4
"ICEPUAVDFF",1,0,11,0,0,0,1,0
"ETDSQTTATR",3,0,5,2,1,4,9,5
"EFWOFEVVEA",1,12,1,1,3,1,2,3
"TGZPMWXBOS",2,0,3,0,0,9,7,3
"UHMASQAWDO",5,3,3,0,0,3,2,5
"UOYRMSOXMT",0,3,1,0,2,3,1,1
"IEOTPFNRCF",3,0,4,0,0,0,6,0
"CIVFUOZQVF",0,0,1,2,0,0,0,1
"CRRRHVVKIY",0,1,0,2,2,4,2,1
"WKAKTRFJYX",0,1,4,0,1,0,0,0
"RPLZOJMFJC",0,1,7,2,2,0,3,0
"UDYQTFTQTN",0,3,0,1,1,10,4,1
"GECYLIJKOG",1,0,0,0,0,1,0,0
"YDBVYXFKLP",0,1,3,1,3,4,6,0
"ZMDDSQRBCI",0,0,1,0,1,0,0,0
"DLKHSABFJW",1,0,0,2,5,1,10,5
"CIOCAZGANK",1,2,2,1,0,4,10,2
"DNNBRKFNBQ",0,0,0,0,0,1,0,0
"CQGERJTTCT",0,0,1,1,0,5,3,3
"ATQSEYMMVM",1,0,0,0,0,0,2,1
"BWFWHXVBUQ",0,0,1,3,0,0,2,0
"WGPQHSZNQH",0,4,2,0,0,0,16,2
"RYOHUZTMBV",0,11,3,0,2,1,10,2
"EHQHQERHNH",0,0,3,6,2,7,8,1
"XJDWNUHMJI",0,0,0,0,0,0,1,0
"ALOKEXUODH",1,1,1,0,4,3,4,2
"DNRZDWGUUS",0,1,4,0,1,0,0,0
"CIDWUDHKHF",2,4,0,3,0,0,2,1
"LIPRNHIYMC",1,1,1,0,0,0,0,0
"ZMGQNJZCFK",2,7,1,2,1,4,5,1
"JAOSDPPESP",0,0,0,0,0,0,0,2
"EQHLJUIZEU",6,3,2,2,1,0,4,3
"ZERPKCEZHN",0,1,1,1,0,2,2,2
"EHGMHDKBET",8,3,1,0,2,1,7,1
"JDNHUHALIE",0,0,1,0,0,0,2,0
"YCVALQBRAR",1,7,0,0,2,2,0,1
"YSFERGPUTJ",0,0,2,2,0,0,3,2
"QOQUQSOTVO",1,0,8,2,4,4,3,0
"WCFZFVTAIT",2,1,4,0,0,3,5,10
"HACIHNWHTZ",0,0,2,2,0,0,1,0
"QFQHMWOMZB",1,2,3,0,2,6,4,4
"PRSQAKNCWU",0,3,0,0,0,1,0,4
"SQCWUCCAXH",0,1,0,0,0,0,3,0
"WCUAMNGLAV",0,1,6,0,0,0,2,2
"BRTFBFSLOH",2,0,0,1,4,5,6,1
"ZUOQYHNGCI",1,2,2,1,2,1,8,4
"ABYSCFZCVH",0,1,0,2,2,3,8,1
"TGLKEIJJBK",0,0,0,0,0,0,0,2
"WIJVQCJMIN",0,0,0,0,0,0,1,0
"UXAIIEZREM",0,2,3,0,0,0,0,0
"PHNJZZDRAH",0,0,0,1,0,0,3,0
"WMNQPSHRJF",5,5,4,1,1,2,4,2
"CPOVJLMIOI",0,0,0,1,0,0,0,0
"BYNTZECUXY",0,0,0,3,5,2,7,0
"SZRVJTRQFE",2,1,6,0,0,1,2,0
"AWZTGVMEHO",0,0,6,0,0,1,1,3
"OZRMAMYFRT",4,1,1,1,0,4,5,4
"DBAVBLYQHK",2,0,4,1,1,0,8,4
"MNYEWRWWIA",0,1,0,0,1,3,1,1
"QXPDZEIZCJ",2,1,0,0,0,1,2,1
"SCOGEVEUQG",1,3,0,1,0,4,4,3
"WJKVWDZLKZ",0,1,15,1,2,5,1,0
"GDGTYRRBWU",1,1,3,1,0,4,4,6
"POCQCRUIMJ",0,4,2,0,2,1,8,5
"ASMNCKTMEU",1,2,0,1,1,10,2,2
"NYACQLXOFW",5,1,5,1,1,1,6,2
"CIQHLCDRBB",5,0,0,1,0,3,5,8
"WRFFEVNULU",5,6,3,2,1,1,3,3
"KQBKAUKHRY",1,3,1,2,2,2,4,1
"LPFDEGNEQK",0,9,0,0,0,3,10,3
"YSNEBBHLFJ",1,1,0,1,2,1,4,2
"GQGMFEBEYX",0,2,0,0,0,0,0,0
"CWEPPOWVCY",2,3,0,0,1,2,4,3
"MCEUVNBMHO",0,0,1,1,0,3,1,0
"CSVRPPJYKI",1,0,8,0,1,2,3,0
"GGTUKRPAZL",0,3,2,1,0,3,4,4
"BCIWKXLYUM",0,3,2,1,1,2,0,1
"WAQTNGUKJI",2,1,2,0,2,5,1,0
"KICVJGMBCD",0,4,0,0,0,0,2,0
"OQSTDLPSRG",0,0,0,0,0,1,1,0
"TGVTBVXCEH",4,6,0,2,0,1,1,1
"IEUZFIRDNH",0,1,0,0,0,1,1,2
"HDIMIIQGZM",0,0,0,0,0,1,0,6
"YGLQLKQCBY",5,2,5,2,0,9,4,7
"ISOQDXNIVH",0,0,7,2,0,0,0,0
"BAITAIJJQO",3,1,0,0,0,0,3,2
"JNCWTZZISJ",2,2,1,2,2,5,1,4
"YBDPGXUKST",1,4,4,1,3,1,2,1
"HPPVNFMXCD",1,1,1,2,0,3,10,3
"GWGHATYRIZ",0,0,0,0,1,5,8,2
"IMILXJEXOX",0,0,0,0,0,1,0,0
"DNKWYQLIET",1,1,10,0,1,1,1,1
"LLECIVDGUC",0,9,0,6,0,4,1,0
"UXHLPUQDEI",0,2,2,0,1,1,0,0
"DAYJNLXGLE",1,1,1,1,0,6,7,0
"BRSXALANQN",0,2,2,4,1,7,3,5
"VQMPKNUYAQ",2,7,1,1,1,2,7,1
"GEUJRCSCBD",1,4,2,0,1,0,1,0
"WBGCFEQVSH",1,0,1,1,4,1,7,6
"YDPPFZIHOE",0,1,0,0,0,0,1,0
"EVEOTERMJX",0,4,5,0,2,0,10,2
"YCRVLQTFHW",0,0,0,0,1,1,2,1
"IYLOAHAYJV",3,4,1,0,1,4,1,6
"HZIINNAJPY",2,1,1,0,0,5,4,1
"FLMLWUQCIC",0,2,1,0,0,0,0,0
"KJVVDDUDWW",0,0,4,0,0,4,0,1
"EICARPGBIR",0,1,5,1,2,5,0,12
"MWFKLDURDY",1,0,0,0,3,4,0,3
"HBIFQXKTAK",2,1,8,0,1,3,11,3
"ISGOTMIRBA",0,0,0,0,0,0,0,1
"XAXSWRCVBJ",0,0,1,0,0,0,1,0
"MUHSYNNRFX",0,1,0,0,0,3,3,0
"ZJZHVWPEKE",5,5,0,5,1,4,8,4
"VLINLMQJAW",0,2,2,1,0,5,0,0
"JYGARFRXGN",1,8,3,0,2,0,5,0
"JTMPBVLVSH",3,0,1,4,3,0,7,5
"GFETOHLVVK",2,7,0,2,0,1,6,1
"PIHDXODGNX",2,0,2,0,0,3,3,2
"IHIXDOFKMR",1,0,0,0,0,6,1,2
"UNYIFYQSAG",3,8,1,1,2,2,7,3
"LODRZXCJKV",0,4,0,1,0,0,2,0
"MXYFAWCHEZ",0,2,2,0,1,0,5,3
"VKCWZJMLYH",0,3,0,0,1,3,4,3
"ZGOVMKCGHP",0,0,1,0,0,0,0,0
"PUSZVYQHML",2,2,1,3,4,1,10,9
"VUSHXIAECC",0,1,2,0,1,1,19,1
"ADGWLUMNZI",3,4,9,0,3,4,2,2
"QVODRCIHFR",0,15,0,0,2,1,4,5
"EJKHCBSYIY",1,2,0,0,0,0,1,0
"DIXQPXKBBD",2,6,2,5,0,0,1,0
"MZHKECTLXI",1,6,4,1,0,7,5,5
"JSDBKGIMPZ",3,0,0,1,2,1,1,3
"EQTKCLZSTI",4,3,3,0,0,2,1,0
"EPKCZYCYDN",4,0,8,1,0,0,2,0
"IQWCQYNNUF",7,0,5,0,3,3,6,9
"HGUNHLQYAD",0,2,0,1,0,0,0,0
"NVTKTNSQIZ",0,3,9,2,0,1,2,2
"SAMVGCRFZA",2,2,1,2,0,1,4,1
"OVHOSKCIKR",1,3,2,1,0,1,0,2
"XSUSGZKJNH",2,0,4,0,1,0,7,2
"ZSQCPWOTOQ",2,2,0,1,0,2,0,5
"STRPLUFQEL",2,1,3,1,1,2,5,6
"LEJQKCUIZC",0,2,2,1,1,0,2,0
"IIXHELPUNO",0,0,0,0,0,1,0,0
"ICUBFARYSQ",0,0,0,0,0,0,1,1
"IYMSHCNKHU",4,3,4,1,5,9,2,10
"YYMNINHAFJ",3,1,0,0,2,2,6,9
"IKNTGKYECN",0,8,4,2,1,1,5,0
"BWJVAJBNUO",0,0,3,0,1,6,0,5
"WPAXFPPWRG",1,0,5,1,0,3,0,0
"CZLXXFHPHZ",0,0,0,0,0,0,0,0
"HFKBLHPKEO",4,2,1,1,2,2,0,2
"YFGKDGMKZT",0,2,2,3,0,0,1,0
"HGWXVYUDHU",0,3,0,0,0,0,0,0
"UTKPZIIMVL",1,3,4,0,1,2,7,11
"ISFDYXQBYQ",0,0,0,1,0,2,11,4
"PJWESOAIIT",1,1,1,0,0,2,5,5
"WOGOGOVFJP",0,3,2,1,0,1,3,0
"CHODKOGMLV",0,5,0,0,0,2,0,0
"MRACNMTLEC",2,0,0,1,0,2,2,1
"WYHGATVULW",0,0,3,1,0,2,1,2
"LSHKNZSBZW",2,1,4,0,1,0,5,0
"GYZNKPOXGK",5,2,0,0,2,2,12,6
"YQJRRBEVHY",0,0,2,0,0,0,1,0
"ZLFZSZIUNA",7,3,4,2,0,0,0,1
"QLRGAZBVSP",0,3,0,0,1,1,1,3
"BWGTHVZIAV",0,1,4,1,2,3,3,5
"DVIJJTHAAM",0,1,4,2,0,1,0,2
"RANGHEHIJA",1,0,2,0,0,1,1,0
"GLRNTSMWDL",0,8,1,0,1,2,8,6
"LZIZEGICIC",2,1,2,0,2,0,1,1
"VZTPCBRWCO",1,1,0,0,1,0,0,0
"SLRIYEZGFY",0,0,2,0,0,0,2,1
"BYEQVIEMUH",0,1,0,0,0,0,0,0
"MKABRINOHU",1,1,4,3,2,2,3,3
"EVUKZKYNCU",0,4,3,1,1,3,1,2
"ZYKQHCCRXM",2,4,2,7,0,3,3,3
"KKKKCGNWKC",0,4,3,0,1,0,4,2
"NZJYFFXAUB",10,0,4,1,1,2,5,3
"NGVWXRHWVG",1,4,2,2,3,4,4,5
"MNDFALSBHC",2,2,2,3,1,4,0,10
"IDIJJHWWCX",0,0,0,0,0,0,11,3
"NBQAUESOOQ",1,0,4,1,0,1,4,1
"LZKTXGGNVB",0,2,0,0,0,4,3,2
"KHPXOVVFWE",0,1,2,0,1,0,0,0
"TFWTNIQYYS",1,0,2,0,0,0,2,1
"RYMJEDCIFG",12,0,4,0,0,0,0,0
"XOOBJADYMC",0,0,3,0,0,0,0,2
"CRGDTPCQHE",1,0,4,3,0,0,4,4
"KHVLCHLGOC",2,5,2,0,2,2,2,16
"VMQYJFILTQ",1,0,1,1,3,4,3,1
"EZZUHYOUTG",0,0,0,1,0,0,0,0
"MYIEQTYPVG",0,3,0,0,2,0,0,1
"NBDYVFPWES",1,1,1,1,1,0,0,0
"ZWBOSBECGO",0,3,6,0,2,4,4,2
"FNZHQNPNPN",2,1,3,1,0,1,7,3
"ADIUAWLDEA",0,0,13,0,3,7,7,1
"YWXOJHGPRP",1,1,1,0,1,4,1,2
"UEIZGJOEXO",0,3,2,0,0,0,3,4
"DZXNGLIHCR",0,0,1,0,0,1,0,1
"YJMADYBITG",0,1,2,0,0,1,2,0
"LTKTSCGEXG",0,0,5,3,0,0,2,0
"MDYIFZEAVO",0,1,0,0,0,1,0,0
"FWIQTLMULT",2,2,0,0,0,0,2,0
"PVHLIMLADP",0,5,1,0,1,0,0,0
"GEIEVUGKLO",0,3,2,1,2,3,5,3
"WKIAQFCIJO",2,1,0,0,1,1,1,2
"LBKPMWDJKF",2,0,3,0,2,11,0,6
"OICJWEDAWC",0,0,2,2,0,0,0,1
"WPQZEZSEHP",0,1,1,0,1,0,3,10
"JQQJRURWQN",0,0,0,0,1,3,4,2
"YDVRQWYHME",1,1,1,2,2,1,4,1
"UASJMFANPM",0,0,1,0,0,1,1,0
"ABEENBZIAU",4,3,0,1,1,2,1,7
"GZZDRZDTEJ",0,3,5,1,6,7,0,5
"FXNERXLABN",0,0,0,0,1,1,0,1
"IRLFWXWSBE",0,4,2,0,2,1,2,2
"YXGZNOHHJU",0,1,6,5,0,0,1,1
"ZVXYHNNTON",0,0,2,0,0,2,1,0
"CMNJHPEMKP",2,0,1,1,1,0,1,0
"SZECEUFRCI",1,1,0,0,0,0,0,0
"TANEHKDXRF",3,0,0,1,0,0,3,0
"ASFGIIAUGL",2,6,1,1,2,1,1,0
"QHHBAJWURW",0,1,1,1,2,9,4,3
"QGLMJALMJT",0,1,1,0,0,1,7,4
"ALREZPPQJJ",0,0,3,0,4,0,2,4
"IGIFFOAGXC",7,0,0,2,9,5,0,0
"OZIFYLULUY",0,0,0,0,1,4,3,0
"JLQJIFQGLE",1,0,0,1,0,0,2,0
"TGQXQIEAEW",0,2,0,2,2,6,5,1
"YGVFEBRJTS",0,2,6,1,3,3,0,4
"NAVZQZAHUT",1,4,4,0,0,3,14,0
"RYARWHEKDS",0,1,0,1,0,0,0,0
"UWTTCWEJJP",0,1,0,1,1,12,3,3
"SRGMRZRREE",5,0,1,0,0,0,0,1
"LZIRAGSATI",0,3,4,2,2,0,1,0
"QURCLHYRBU",0,2,2,0,2,2,3,3
"YJSTGROYOS",0,2,1,0,0,2,4,4
"WZFXDVEGAD",2,3,6,1,2,1,2,1
"VLYAMTXZNO",0,6,5,0,1,2,3,2
"IWMHABETDP",1,0,0,4,1,2,1,0
"FVFILSLBJG",0,1,2,1,1,1,3,8
"RQVWKBTEJT",0,3,3,0,0,3,3,0
"CXXSRTFMUG",1,0,0,0,0,0,0,0
"AQSAIINMRP",0,2,5,0,1,0,7,3
"AGKYPFUHYM",1,3,2,0,1,6,0,4
"LBSZGZGZGV",1,2,2,1,2,8,1,2
"RAWFGGIRER",1,6,7,3,4,3,10,4
"EQXTAOTTOU",0,0,0,0,1,0,1,0
"KWLTBKRSIO",0,3,0,0,1,0,3,1
"CXDLBFGYAO",0,4,2,5,2,1,4,2
"EQKRRIBQOU",1,0,1,0,0,0,1,1
"NETYONYWOJ",1,9,1,0,1,7,3,5
"QVPRCZGPRR",4,3,3,0,1,3,0,2
"KNWRLKUZZV",0,1,0,1,0,1,1,2
"ZEKUHEKDFO",2,7,7,1,2,4,2,3
"IXQZJGIWYN",0,3,0,0,0,1,1,1
"WTQFAEWRZB",0,0,1,0,0,0,1,1
"VXWISABVBX",0,0,0,1,0,1,5,1
"JLRPSATQIC",1,8,0,0,0,0,3,0
"AKYMUMCYSP",0,8,1,0,1,7,12,3
"YNRJZGFLYZ",0,1,0,0,2,3,2,0
"PSPGZBFLIK",0,1,1,0,0,0,4,3
"QKWQAVITWU",0,1,1,2,1,3,3,1
"OMZEREFOCA",2,0,0,0,0,0,0,0
"AECYOUZEBJ",2,4,3,0,1,1,0,0
"WBQYKUNHAN",1,4,2,0,1,1,7,7
"QZFQKBHHHZ",4,2,0,2,0,2,3,0
"ABMLDUMMAC",0,0,0,1,0,5,1,1
"RSEZMWLGNC",3,1,2,0,1,2,14,3
"IQULKGRWEY",1,1,3,0,0,4,4,4
"DCKUAKMQIS",0,0,0,1,3,3,1,2
"LCRMETHMHI",5,1,0,0,1,5,6,8
"QIVCVQUYSA",0,6,2,0,1,7,6,1
"VZBKENQSKA",0,0,0,0,0,1,5,0
"XKIHPPDTXA",1,2,0,0,0,0,1,0
"SIAYTBZCYB",1,5,0,0,1,0,1,1
"CUYFYEDXNM",2,0,0,1,1,0,0,0
"RPAGREEEXJ",0,4,6,1,1,3,4,5
"DANYYAQJSY",0,14,1,1,4,3,1,0
"KDXVBYAQCB",1,2,10,2,2,4,0,0
"GBONDZXDPE",0,1,6,1,0,1,4,1
"SVAPLHKSFX",2,1,0,1,0,2,2,1
"BTPXCNASMI",0,1,3,2,2,1,1,3
"XPWZESUBZU",0,0,3,0,0,0,0,1
"ONRSCRJCOA",0,0,3,0,1,6,4,1
"NVZNTKDOVU",0,4,2,1,0,0,0,3
"AUFMYFNVJG",1,0,1,0,2,6,2,3
"RPUVQMQPTM",2,1,1,2,0,0,0,2
"UXGQZDEESI",2,8,2,1,1,0,7,5
"CJMQSZNGLD",0,4,0,0,0,1,4,4
"FQOUTGVSWI",3,4,0,0,0,3,5,6
"PUZUFVHONV",0,1,2,0,2,0,1,0
"DQXSPAKTDM",3,11,3,0,7,3,2,2
"OSBCUFCAUJ",2,1,2,1,2,2,4,0
"BTFVPZCKBK",1,0,0,2,0,1,1,1
"SEKSBCZMJA",0,0,0,0,0,1,0,0
"ZWKWOEXDBH",0,0,0,0,0,0,0,0
"NGBMOOFHKM",1,0,3,1,1,1,1,7
"DGFFVLNUBY",0,8,1,2,4,0,2,4
"LSGMVNSSFK",3,0,0,0,0,3,6,2
"MHYRGSVXSP",0,0,1,1,0,1,3,2
"PWJFSJVHVG",1,0,7,0,0,2,0,3
"WWLAKGTNLR",1,1,5,1,3,2,6,8
"TIYOSGTALX",2,0,1,1,1,1,5,2
"CXBHHNOGTT",0,0,0,0,0,0,1,0
"KIXCYTYUCB",0,3,1,0,0,0,4,0
"PNCWVGVJEU",0,2,0,1,0,2,0,3
"PBTCKSHAWG",2,5,0,1,1,1,0,1
"MNXUCWYIYD",0,0,1,0,0,1,2,0
"ZNWJDGXDQZ",0,1,4,2,3,0,3,2
"OETABUUFDQ",0,1,1,0,0,0,3,1
"EIKHCRROPD",1,2,2,0,0,0,1,0
"TFPDXCRVPC",1,3,0,0,1,6,8,5
"FJFNANVQAB",0,0,3,0,0,1,1,0
"LMQZTPAXAS",3,1,1,0,1,6,6,1
"HZBHHJGWVK",2,0,3,0,0,5,1,0
"PKKXHDZIDO",0,2,1,0,0,2,1,8
"NQSCRVQMMY",1,1,2,0,1,1,0,1
"AFBZBPBHDY",1,1,6,0,1,1,1,0
"WUPXDVRKLY",1,1,1,0,1,0,3,2
"IQRYYXZUHD",0,1,0,0,0,0,1,0
"YXRQWVTQCV",0,2,1,2,0,0,1,0
"ZPECWREOKN",1,0,2,0,2,1,1,1
"FIIYIWTRLM",1,0,0,0,2,3,7,2
"YXDWLPPCCM",0,2,2,1,2,0,1,3
"ANZMUVOGZI",3,6,0,0,2,1,3,3
"NOEPCNEUCJ",7,1,0,4,3,1,4,9
"NQFPDHWBTQ",1,1,2,0,0,0,0,0
"SWNXDSGBCI",0,1,3,0,0,6,2,1
"MYRRTUBOTV",0,1,2,5,0,0,0,0
"ZBCTIICPGE",0,1,0,0,0,0,2,1
"FNAQGEDFUA",0,0,2,2,2,5,2,2
"FEWSXJLGFI",1,0,0,0,0,2,0,0
"JCRVVCNVDN",1,5,0,1,1,3,1,4
"ZRXBDDDFIF",0,2,0,0,1,0,1,0
"HNAXFSEWWV",0,0,0,1,1,1,14,2
"DNHUXTQASG",2,4,4,1,2,1,5,11
"DJCOAANIGV",1,1,1,0,0,2,3,1
"LXIRYERBUO",0,1,1,0,0,0,4,0
"EVMPJVEIPP",4,7,9,3,1,1,2,8
"GTSIKSSFMP",0,5,5,0,4,1,7,1
"NERWPYILRV",0,1,3,0,1,0,1,0
"VHVHIMQBAB",1,2,1,0,0,5,6,4
"NLYBGVWXSH",1,4,0,2,0,1,0,2
"XMNXVQTTNV",0,1,2,2,0,1,3,2
"QYJFGOJRWY",1,0,1,1,0,5,4,0
"SOWSBIDQLF",0,1,1,1,3,0,2,2
"JOSPRFSUJU",3,2,0,5,0,0,1,1
"LIQNKNRYYQ",2,0,0,0,1,1,0,3
"DGCOXVSTPR",2,3,8,1,0,0,1,3
"HDQJLPVYWX",0,0,4,1,0,0,1,0
"QEWBLXPXQC",0,1,1,0,0,0,3,0
"GSOYSZPSMO",1,2,0,0,2,0,2,4
"PRKPPAJULY",0,0,1,1,0,0,0,1
"RYTQVIHMKN",4,3,2,1,0,5,2,1
"JULPWHXXHL",1,1,1,0,2,3,0,6
"FONLVRMTCW",2,0,3,0,1,0,1,1
"EJPUBNJWVJ",13,3,0,0,0,2,3,0
"HWXEATHMIG",0,1,6,0,0,2,5,1
"EETQMINPTJ",4,0,2,0,0,3,7,5
"SAQMGIPNZT",0,7,3,1,0,0,0,0
"PXZXJVORAV",0,0,0,0,0,0,1,1
"SLRNZDIDEZ",1,3,4,0,1,4,3,5
"BORXVHVYPJ",0,0,1,2,0,1,0,1
"UNOBQNSGLL",1,5,6,0,8,5,7,1
"GEDEVMIWWU",0,0,0,0,1,2,0,3
"TRQEYHJSAE",1,0,3,2,0,4,6,0
"TJUXSLFBLY",0,4,3,0,1,6,5,2
"YXBIFYPRNW",0,3,4,0,1,2,3,5
"NQCSTFFAEK",0,1,1,0,0,0,6,1
"YGJXYPNSVG",0,2,6,0,0,2,1,1
"RSBGTHPYEY",0,1,0,1,0,2,1,1
"OLVJCCWWJP",0,0,5,1,0,1,5,0
"MDEWESXLHI",0,0,0,1,0,3,4,0
"DULUMXYCBF",0,3,0,0,0,0,0,0
"FIURVQXJSV",2,0,3,1,3,5,1,2
"FFIXOIMXUY",0,0,0,2,1,0,0,1
"REQYQCICQM",3,1,4,0,0,11,1,0
"EVQAABOLBU",2,1,4,1,2,1,1,0
"VZRHERPQCN",1,0,5,1,2,1,0,5
"PMYWGULWSI",1,0,0,1,0,3,2,10
"JQHRNSBUYS",0,4,1,0,0,3,4,0
"ISPSQEOEOJ",4,3,0,2,0,5,4,1
"UXQGRNOMQF",0,6,2,2,0,4,4,3
"XVBHFTFFTR",0,3,6,0,1,0,0,1
"FNFDVHXCJI",2,0,7,0,1,1,1,2
"TTPBUHOQEN",0,2,4,4,0,2,1,0
"XSPZGOTGYM",1,5,0,2,0,0,3,1
"KZZXKURBRW",0,3,0,0,0,0,1,0
"PYTERVACJT",0,2,1,1,0,1,3,2
"VKKXRCMCYH",2,1,6,0,2,1,1,9
"ATVIOBYMBK",0,3,0,0,1,11,1,1
"GGQXEEYGCR",1,1,0,1,1,0,6,0
"JIHCNMYPAG",0,0,0,0,1,1,8,4
"RUYDEWTHBV",0,1,0,0,0,1,0,0
"PFEWSNWZZQ",0,0,0,0,1,0,0,0
"OASGASZVCD",0,0,2,0,0,0,1,1
"EPPNGVKNDT",4,5,9,0,3,0,8,6
"SVNLZUISXA",0,0,0,0,0,0,0,1
"RCRLFEYNAG",0,0,0,0,0,0,0,0
"EATQWUJEAV",0,1,10,1,1,4,5,1
"VOGYERWPPB",0,5,1,0,1,3,5,5
"SVKQDUAINQ",4,0,0,0,0,3,6,0
"GPAFUWRIGM",1,2,0,0,1,2,6,7
"QEZYMAINJX",3,0,1,0,0,0,0,0
"SMRDAQRHEX",0,4,0,0,0,2,0,0
"XIZGTRGRVA",0,1,4,1,0,1,1,2
"IDGUJHVVDE",0,0,9,1,1,2,8,2
"VORRNBKIAO",0,9,6,1,2,1,0,3
"KPPAQBDJXG",0,0,14,2,0,3,5,1
"FLUFOYAVCC",0,2,2,0,2,1,5,2
"KIURPZNJZE",0,2,1,0,0,3,2,2
